Description,Field Name,Values
"Indicates the likelihood of a consumer owning a home, and is received from tax assessor and deed information.",Homeowner,"U=unknown,Y=yes"
Renter status is derived from consumer response data. Unit numbers are not used to infer rented status because units may be owner condominium/coop.,Renter,"U=unknown,Y=yes"
"Direct Mail Responder information identifies consumers who have purchased by direct mail through multiple companies. Data is carried at both the individual and household level. If one member of a household is a direct mail responder at the individual level, the remaining members of the household will be coded as a direct mail responder at the household level.",Mail Responder,"M=Multi-buyer,U=Unknown,Y=Single buyer"
"Estimated Current Home Value predicts the current home value. Uses county, state and national trends in home sale prices and assessed home values to determine property appreciation rates and current home values. Data was examined at county level and the model inputs, such as sale price, sale year or assessed price of the property that were acquired from realty deed records and county tax assessor records.",Estimated Current Home Value,$
"Address Quality Indicators provide a measure of address deliverability according to the USPS Delivery Sequence File (DSF). Using outcomes of DSF footnotes and other Experian proprietary logic, we assign an Address Quality Index (AQI) to communicate the qu",Address Quality Indicator,"E=Excellent,G=Good,M=Marginal,N=Phone only,S=Satisfactory"
Home property indicator indicates the type of property determined from grant/warranty deed information recorded or other legal documents filed at the county recorder's office in the county where the property is located.,Property Type,"0=Unknown,1=Residential,2=Condominium,3=Duplex,4=Apartment,5=Commercial Condo,6=Agricultural,7=Mobile Home"
"The assessed value of the property determined from information recorded at the county recorder's office in the county where the property is located. Value in thousands. Valid Values: 0001-9999, 0000=Unknown.",Home Total Value,$
The square footage of any buildings associated with the home determined from grant/warranty deed information recorded or other legal documents filed at the county recorder's office in the county where the property is located. Values in hundreds.,Home Square Footage,000=Unknown; whole number value of sq footage
"Tax Value of Property. The total taxes for the property determined from information recorded at the county recorder's office in the county where the property is located. 0001-9999, 0000=Unknown",Real Estate Tax,$
"Home land value of property in thousands. The assessed value of the land determined from information recorded at the county recorder's office in the county where the property is located. Valid Values: 0001-9999, 0000=Unknown",Home Land Value,$
Home bedrooms is determined from grant/warranty deed information recorded or other legal documents filed at the county recorder's office in the county where the property is located.,Home: Number of Bedrooms,"00=0 bedrooms,01=1 bedroom,02=2 bedrooms,03=3 bedrooms,04=4 bedrooms,05=5 bedrooms,06=6 bedrooms,07=7 bedrooms,08=8 bedrooms,09=9 bedrooms,10=10 bedrooms,11=11 bedrooms,12=12 bedrooms,13=13 bedrooms,14=14 bedrooms,15=15 bedrooms,16=16 bedrooms"
Indicates if a swimming pool is on the property determined from grant/warranty deed information recorded or other legal documents filed at the county recorder's office in the county where the property is located.,Home: Swimming Pool,"U=unknown,Y=yes"
The home total rooms is determined from grant/warranty deed information recorded or other legal documents filed at the county recorder's office in the county where the property is located. Valid Values: 00-41 41= 41+.,Home: Total Rooms,whole number
The base square footage of the home determined from grant/warranty deed information recorded or other legal documents filed at the county recorder's office in the county where the property is located. Values in hundreds.,Home: Base Square Footage,000=Unknown; whole number value of sq footage
The name of the original mortgage lender or individual. Mortgage lender name is determined from grant/warranty deed information recorded or other legal documents filed at the county recorder's office in the county where the property is located. Values: Forty bytes Mortgage Lender Name.,Home: Mortgage Lender,Text
"The mortgage term in months is determined from grant/warranty deed information recorded or other legal documents filed at the county recorder's office in the county where the property is located. Valid Values: 000-999, 000=Unknown.",Home: Mortgage Term,In Months
Warranty deed date is the date the real estate transaction was recorded in the county. Values: CCYYMMDD,Home: Purchase Date,Date
"Purchase amount is determined from taxes paid when the grant/warranty deed is recorded in the county where the property is located, or it is estimated from the loan amount or legal documents filed at the county recorder's office. Value in thousands. 0001-9999, 0000 =Unknown",Home: Home Purchase Price,$
Score combines known children's ages and when not available an Experian model predicting the likelihood a child within the age group is present in the living unit. Score=000-101; where 101 is known and lower scores indicate less likelihood of a child in the LU for this age range. 000-not coded.,Child Age 0-3 Present,Number where higher value indicates higher likelihood of child present for age range.
Score combines known children's ages and when not available an Experian model predicting the likelihood a child within the age group is present in the living unit. Score=000-101; where 101 is known and lower scores indicate less likelihood of a child in the LU for this age range. 000-not coded.,Child Age 4-6 Present,Number where higher value indicates higher likelihood of child present for age range.
Score combines known children's ages and when not available an Experian model predicting the likelihood a child within the age group is present in the living unit. Score=000-101; where 101 is known and lower scores indicate less likelihood of a child in the LU for this age range. 000-not coded.,Child Age 7-9 Present,Number where higher value indicates higher likelihood of child present for age range.
Score combines known children's ages and when not available an Experian model predicting the likelihood a child within the age group is present in the living unit. Score=000-101; where 101 is known and lower scores indicate less likelihood of a child in the LU for this age range. 000-not coded.,Child Age 10-12 Present,Number where higher value indicates higher likelihood of child present for age range.
Score combines known children's ages and when not available an Experian model predicting the likelihood a child within the age group is present in the living unit. Score=000-101; where 101 is known and lower scores indicate less likelihood of a child in the LU for this age range. 000-not coded.,Child Age 1-15 Present,Number where higher value indicates higher likelihood of child present for age range.
Score combines known children's ages and when not available an Experian model predicting the likelihood a child within the age group is present in the living unit. Score=000-101; where 101 is known and lower scores indicate less likelihood of a child in the LU for this age range. 000-not coded.,Child Age 16-18 Present,Number where higher value indicates higher likelihood of child present for age range.
"A combination of known children's ages and where not available, an Experian model which predicts the likelihood that a child within the age group is present in the living unit.",Presence of Child,"00=Deceased and Child only households,1Y=Known Data,5N=Not Likely to have a child,5U=Modeled Not as Likely to have a child,5Y=Modeled Likely to have a child"
Mortgage amount is determined from grant/warranty deed information recorded or other legal documents filed at the county recorder's office in the county where the property is located. Value in thousands.,Home Purchase Mortgage Amount,$
"The purchase amount in thousands for the investment property. Determined from grant/warranty deed information recorded or other legal documents filed at the county recorder's office in the county where the property is located. Valid values: 0001-9999, 0000=Unknown.",Investment Property: Purchase Amount,$
The mortgage lender for the investment property. The name of the original mortgage lender or individual. Mortgage lender name is determined from grant/warranty deed information recorded or other legal documents filed at the county recorder's office in the county where the property is located.,Investment Property: Mortgage Lender,Text
Mortgage term for the investment property. Determined from grant/warranty deed information recorded or other legal documents filed at the county recorder's office in the county where the property is located. Values in months.,Investment Property: Mortgage Term,Number of Months
"The equity amount for the investment property. Determined from grant/warranty deed information recorded or other legal documents filed at the county recorder's office in the county where the property is located. Values in thousands. 0001-9999, 0000=Unknown",Investment Property: Equity Amount,Value in Thousands of $
The square footage of any buildings associated with the home determined from grant/warranty deed information recorded or other legal documents filed at the county recorder's office in the county where the property is located.,Property/Realty: Building square footage ranges,"A=100-999,B=1000-2999,C=3000-4999,D=5000-5999,E=6000-9999,F=10000+,U=Unknown"
"Purchase amount is determined from taxes paid when the grant/warranty deed is recorded in the county where the property is located, or it is estimated from the loan amount or legal documents filed at the county recorder's office.",Mortgage/Home Purchase: Purchase amount ranges,"A=1,000-9,999,B=10,000-24,999,C=25,000-39,999,D=40,000-59,999,E=60,000-79,999,F=80,000-99,999,G=100,000-119,999,H=120,000-139,999,I=140,000-159,999,J=160,000-199,999,K=200,000-249,999,L=250,000-349,999,M=350,000-449,999,N=450,000-749,999,O=750,000-999,999,P=1MM+,U=Unknown"
Mortgage amount is determined from grant/warranty deed information recorded or other legal documents filed at the county recorder's office in the county where the property is located.,Mortgage/Home Purchase: Mortgage amount ranges,"A=1,000-9,999,B=10,000-24,999,C=25,000-39,999,D=40,000-59,999,E=60,000-79,999,F=80,000-99,999,G=100,000-119,999,H=120,000-139,999,I=140,000-159,999,J=160,000-199,999,K=200,000-249,999,L=250,000-349,999,M=350,000-449,999,N=450,000-749,999,O=750,000-999,999,P=1MM+,U=Unknown"
"GreenAware Segmentation targeting system includes attitudes, opinions, lifestyle, buying behavior, and media usage. Based on the distinctive mindset of consumers towards the environment, we can better understand four distinct consumer segments: 1. Behavioral Greens: This group of people thinks and acts green, holds negative attitudes toward products that pollute, incorporate green practices on a regular basis. 2. Think Greens: This group of people thinks green but does not necessarily act green. 3. Potential Greens: They neither behave nor think along particularly environmentally conscious lines, and remain on the fence about key green issues. 4. True Browns: This group of people are not environmentally conscious, and may in fact have negative attitudes about the green movement.",Green Aware Household,"0=Unknown,1=Behavioral Greens,2=Think Greens,3=Potential Greens,4=True Browns"
"Online Overall Buyer propensity model provides a measure to rank order all ConsumerView households on the likelihood that those consumers would buy online relative to all product categories. The model will rank order all households on ConsumerView from 01-99 based on their likelihood to purchase online within that category. The higher the number, the more likely they are to purchase online regardless of the product category.",Likelihood to Purchase Online,"01-99, 00=Unknown; higher number more likely to purchase online"
"Retail Overall Buyer propensity model provides a measure to rank order all ConsumerView households on the likelihood that those consumers would buy at a retail location relative to all product categories. The model will rank order all households on ConsumerView from 01-99 based on their likelihood to purchase at a retail location within that category. The higher the number, the more likely they are to purchase at a retail location regardless of the product category.",Likelihood to Purchase at Retail Location,"01-99, 00=Unknown; higher number more likely to purchase at retail location"
"The HH Composition Code is based on the composition of males, females and children within the living unit. HH Composition Code is created through a calculation using the person information Experian has in the ConsumerView repository for the respective living unit. The calculation is based on the entire ConsumerView universe (prior to filters for deliverability, do not mail, etc.). For each HH the adult males, females and children are counted; then the HH is coded A-J. The code that the HH qualifies for first will be assigned to the record. Each HH can only be assigned one code. Note: In Enrichment, 0=Non-match.",Household Composition,"A= HH w/1 adult F (no adult M - no child),B= HH w/1 adult M (no adult F - no child),C= HH w/1 adult F and 1 adult M (no child),D= HH w/1 adult F + 1 adult M and child present,E= HH w/1 adult F and child present (no adult M),F= HH w/1 adult M and child present (no adult F),G= HH w/2 + adult M (no child - may have adult F),H= HH w/2 + adult F (no child - may have adult M),I= HH w/2 + adult M w/ child present (adult F pos),J= HH w/2 + adult F w/ child present (adult M pos),U=Unable to code"
"Original loan to value ratio is a percentage of the original home mortgage loan amount divided by the original purchase value of the home. The higher the ratio, the less equity the homeowner has on the house. This ratio is available on wherever the loan amount and estimated current home value are available. Values: 01-99, 00=Unknown.",Home: Original Loan to Value,Higher % ratio = less equity in home
"Percentage calculated by dividing the down payment amount by the purchase price of the home. Values: 001-100, 000 = Unknown",Home: Down Payment %,%
"Length of Residence (LOR) is the length of time a Living Unit has resided at their current address. A primary source of LOR is public source white page compilation initiating a counter showing the first time a name and number appear in the directory. LOR information is also received from proprietary sources and through updates of our source files against the USPS National Change of Address* file. For all sources, LOR data is aged over time. When there is insufficient data to match a customer's record to our Enhancement master for Length of Residence, a median LOR based on the LOR's assigned to other living units in the same ZIP+4 area is used. In the rare case that the ZIP+4 is not on the record, median LOR is based on the LOR's assigned to other records in that ZIP region. The median level data applied to records for this element can be identified through the Enhancement Mandatory Append - Total Enhancement Match Type indicator (E). Values: 00 = Less than a Year 01-99 = 1 - 99 Years",Length of Residence,Values: 00 = Less than a Year 01-99 = 1 - 99 Years
DU Size median,Dwelling Size in Livable Units,"A=SFDU,B=Duplex,C=triplex,D=4,E=5-9,F=10-19,G=20-49,H=50-100,I=101+"
"Number of Children in Household information is calculated from the number of records in a household that indicate children whose age is 18 or younger. When there is insufficient data to match a customer's record to our Enhancement master for Number of Children, a median number of children based on the number of children present in other living units in the same ZIP+4 area is used. In the rare case that the ZIP+4 is not on the record, median number of children is based on the number of children present in other records in that ZIP region. The median level data applied to records for this element can be identified through the Enhancement Mandatory Append - Total Enhancement Match Type indicator (E). Values: 0 = Unknown 1 = 1 Child 2 = 2 Children 3 = 3 Children 4 = 4 Children 5 = 5 Children 6 = 6 Children 7 = 7 Children 8 = 8+ Children",Number of Children in Home,"0=0 Children,1=1 Children,2=2 Children,3=3 Children,4=4 Children,5=5 Children,6=6 Children,7=7 Children,8=8 Children,blank=Blank"
Number of adults on record,Number of Adults in Home,"0=0 Adults,1=1 Adults,2=2 Adults,3=3 Adults,4=4 Adults,5=5 Adults,6=6 Adults,7=7 Adults,8=8 Adults,blank=Blank"
Indicates the gender of the children within the 0-3 age group,Children by Age/Gender,"B=Both,Blank=Blank,F=Female,M=Male,U=Unknown"
Indicates the gender of the children within the 4-6 age group,Children by Age/Gender,"B=Both,Blank=Blank,F=Female,M=Male,U=Unknown"
Indicates the gender of the children within the 7-9 age group,Children by Age/Gender,"B=Both,Blank=Blank,F=Female,M=Male,U=Unknown"
Indicates the gender of the children within the 10-12 age group,Children by Age/Gender,"B=Both,Blank=Blank,F=Female,M=Male,U=Unknown"
Indicates the gender of the children within the 13-15 age group.,Children by Age/Gender,"B=Both,Blank=Blank,F=Female,M=Male,U=Unknown"
Indicates the gender of the children within the 16-18 age group,Children by Age/Gender,"B=Both,Blank=Blank,F=Female,M=Male,U=Unknown"
Activities and Interests/Collecting. Direct reported survey data that represents a household's interest in collecting Other Collectibles. Valid Values: Y = Yes U = Unknown,HH:Acty/Int:Collecting:Other Collectibles,"U=unknown,Y=yes"
Activities and Interests/Collecting. Direct reported survey data that represents a household's interest in collecting Art/Antiques. Valid Values: Y = Yes U = Unknown,HH:Acty/Int:Collecting:Art/Antiques,"U=unknown,Y=yes"
Activities and Interests/Collecting. Direct reported survey data that represents a household's interest in collecting Stamps/Coins. Valid Values: Y = Yes U = Unknown,HH:Acty/Int:Collecting:Stamps/Coins,"U=unknown,Y=yes"
Activities and Interests/Collecting. Direct reported survey data that represents a household's interest in collecting Dolls. Valid Values: Y = Yes U = Unknown,HH:Acty/Int:Collecting:Dolls,"U=unknown,Y=yes"
Activities and Interests/Collecting. Direct reported survey data that represents a household's interest in collecting Figurines. Valid Values: Y = Yes U = Unknown,HH:Acty/Int:Collecting:Figurines,"U=unknown,Y=yes"
Activities and Interests/Collecting. Direct reported survey data that represents a household's interest in collecting Sports Memorabilia. Valid Values: Y = Yes U = Unknown,HH:Acty/Int:Collecting:Sports Memorabilia,"U=unknown,Y=yes"
Activities and Interests/Cooking and Entertaining. Direct reported survey data that represents a household's interest in Cooking. Valid Values: Y = Yes U = Unknown,HH:Acty/Int:Cooking/Entertaining:Cooking,"U=unknown,Y=yes"
Activities and Interests/Cooking and Entertaining. Direct reported survey data that represents a household's interest in Baking. Valid Values: Y = Yes U = Unknown,HH:Acty/Int:Cooking/Entertaining:Baking,"U=unknown,Y=yes"
Activities and Interests/Cooking and Entertaining. Direct reported survey data that represents a household's interest in Cooking- Weight Conscience. Valid Values: Y = Yes U = Unknown,HH:Acty/Int:Cooking/Entertaining:Cook/Weight Con,"U=unknown,Y=yes"
Activities and Interests/Cooking and Entertaining. Direct reported survey data that represents a household's interest in Wine Appreciation. Valid Values: Y = Yes U = Unknown,HH:Acty/Int:Cooking/Entertaining:Wine Appreciation,"U=unknown,Y=yes"
Activities and Interests/Cooking and Entertaining. Direct reported survey data that represents a household's interest in Cooking- Gourmet. Valid Values: Y = Yes U = Unknown,HH:Acty/Int:Cooking/Entertaining:Cooking- Gourmet,"U=unknown,Y=yes"
Activities and Interests/Crafts. Direct reported survey data that represents a household's interest in Crafts. Valid Values: Y = Yes U = Unknown,HH:Acty/Int:Crafts:Crafts,"U=unknown,Y=yes"
Activities and Interests/Crafts. Direct reported survey data that represents a household's interest in Knittingeedlework. Valid Values: Y = Yes U = Unknown,HH:Acty/Int:Crafts:Knitting/Needlework,"U=unknown,Y=yes"
Activities and Interests/Crafts. Direct reported survey data that represents a household's interest in Quilting. Valid Values: Y = Yes U = Unknown,HH:Acty/Int:Crafts:Quilting,"U=unknown,Y=yes"
Activities and Interests/Crafts. Direct reported survey data that represents a household's interest in Sewing. Valid Values: Y = Yes U = Unknown,HH:Acty/Int:Crafts:Sewing,"U=unknown,Y=yes"
Activities and Interests/Crafts. Direct reported survey data that represents a household's interest in Woodworking. Valid Values: Y = Yes U = Unknown,HH:Acty/Int:Crafts:Woodworking,"U=unknown,Y=yes"
Activities and Interests/Health and Fitness. Direct reported survey data that represents a household's interest in Losing Weight. Valid Values: Y = Yes U = Unknown,HH:Acty/Int:Health/Fitness:Losing Weight,"U=unknown,Y=yes"
Activities and Interests/Health and Fitness. Direct reported survey data that represents a household's interest to Include Vitamin Supplements. Valid Values: Y = Yes U = Unknown,SRVY:HH Acty/Int:Health/Fitness:Vit Supplements,"U=unknown,Y=yes"
Activities and Interests/Health and Fitness. Direct reported survey data that represents a household's interest in Health and Natural Foods. Valid Values: Y = Yes U = Unknown,HH:Acty/Int:Health/Fitness:Hlth/Nat Foods,"U=unknown,Y=yes"
Activities and Interests/Hobbies. Direct reported survey data that represents a household's interest in Photography. Valid Values: Y = Yes U = Unknown,HH:Acty/Int:Hobbies:Photography Hobbies,"U=unknown,Y=yes"
Activities and Interests/Hobbies. Direct reported survey data that represents a household's interest in Gardening. Valid Values: Y = Yes U = Unknown,HH:Acty/Int:Hobbies:Gardening Hobbies,"U=unknown,Y=yes"
Activities and Interests/Hobbies. Direct reported survey data that represents a household's interest in Cars And Auto Repair. Valid Values: Y = Yes U = Unknown,HH:Acty/Int:Hobbies:Cars And Auto Repair,"U=unknown,Y=yes"
Activities and Interests/Hobbies. Direct reported survey data that represents a household's interest in Self-Improvement. Valid Values: Y = Yes U = Unknown,HH:Acty/Int:Hobbies:Self-Improvement,"U=unknown,Y=yes"
Activities and Interests/Music. Direct reported survey data that represents a household's interest in Christian/Gospel music. Valid Values: Y = Yes U = Unknown,HH:Acty/Int:Music:Christian/Gospel,"U=unknown,Y=yes"
Activities and Interests/Music. Direct reported survey data that represents a household's interest in R and B music. Valid Values: Y = Yes U = Unknown,HH:Acty/Int:Music:R And B,"U=unknown,Y=yes"
Activities and Interests/Music. Direct reported survey data that represents a household's interest in Jazzew Age music. Valid Values: Y = Yes U = Unknown,HH:Acty/Int:Music:Jazz/New Age,"U=unknown,Y=yes"
Activities and Interests/Music. Direct reported survey data that represents a household's interest in Classical music. Valid Values: Y = Yes U = Unknown,HH:Acty/Int:Music:Classical,"U=unknown,Y=yes"
Activities and Interests/Music. Direct reported survey data that represents a household's interest in Rock N Roll music. Valid Values: Y = Yes U = Unknown,HH:Acty/Int:Music:Rock N Roll,"U=unknown,Y=yes"
Activities and Interests/Music. Direct reported survey data that represents a household's interest in Country music. Valid Values: Y = Yes U = Unknown,HH:Acty/Int:Music:Country,"U=unknown,Y=yes"
Activities and Interests/Music. Direct reported survey data that represents a household's interest in Music In General. Valid Values: Y = Yes U = Unknown,HH:Acty/Int:Music:Music In General,"U=unknown,Y=yes"
Activities and Interests/Music. Direct reported survey data that represents a household's interest in Other music. Valid Values: Y = Yes U = Unknown,HH:Acty/Int:Music:Other Music,"U=unknown,Y=yes"
Activities and Interests/Reading. Direct reported survey data that represents a household's reading interest in Best Selling Fiction. Valid Values: Y = Yes U = Unknown,HH:Acty/Int:Reading:Best Selling Fiction,"U=unknown,Y=yes"
Activities and Interests/Reading. Direct reported survey data that represents a household's reading interest in Childrens Reading. Valid Values: Y = Yes U = Unknown,HH:Acty/Int:Reading:Childrens Reading,"U=unknown,Y=yes"
Activities and Interests/Reading. Direct reported survey data that represents a household's reading interest in Computer. Valid Values: Y = Yes U = Unknown,HH:Acty/Int:Reading:Computer,"U=unknown,Y=yes"
Activities and Interests/Reading. Direct reported survey data that represents a household's reading interest in Cooking/Culinary Valid Values: Y = Yes U = Unknown,HH:Acty/Int:Reading:Cooking/Culinary,"U=unknown,Y=yes"
Activities and Interests/Reading. Direct reported survey data that represents a household's reading interest in Country Lifestyle. Valid Values: Y = Yes U = Unknown,HH:Acty/Int:Reading:Country Lifestyle,"U=unknown,Y=yes"
Activities and Interests/Reading. Direct reported survey data that represents a household's reading interest in Entertainment/People. Valid Values: Y = Yes U = Unknown,HH:Acty/Int:Reading:Entertainment/People,"U=unknown,Y=yes"
Activities and Interests/Reading. Direct reported survey data that represents a household's reading interest in Fashion. Valid Values: Y = Yes U = Unknown,HH:Acty/Int:Reading:Fashion,"U=unknown,Y=yes"
Activities and Interests/Reading. Direct reported survey data that represents a household's reading interest in History. Valid Values: Y = Yes U = Unknown,HH:Acty/Int:Reading:History,"U=unknown,Y=yes"
Activities and Interests/Reading. Direct reported survey data that represents a household's reading interest in Interior Decorating. Valid Values: Y = Yes U = Unknown,HH:Acty/Int:Reading:Interior Decorating,"U=unknown,Y=yes"
Activities and Interests/Reading. Direct reported survey data that represents a household's reading interest in Medical/Health. Valid Values: Y = Yes U = Unknown,HH:Acty/Int:Reading:Medical/Health,"U=unknown,Y=yes"
Activities and Interests/Reading. Direct reported survey data that represents a household's reading interest in Military. Valid Values: Y = Yes U = Unknown,HH:Acty/Int:Reading:Military,"U=unknown,Y=yes"
Activities and Interests/Reading. Direct reported survey data that represents a household's reading interest in Mystery. Valid Values: Y = Yes U = Unknown,HH:Acty/Int:Reading:Mystery,"U=unknown,Y=yes"
Activities and Interests/Reading. Direct reported survey data that represents a household's reading interest in Natural Health Remedies. Valid Values: Y = Yes U = Unknown,HH:Acty/Int:Reading:Natural Health Remedies,"U=unknown,Y=yes"
Activities and Interests/Reading. Direct reported survey data that represents a household's reading interest in Romance. Valid Values: Y = Yes U = Unknown,HH:Acty/Int:Reading:Romance,"U=unknown,Y=yes"
Activities and Interests/Reading. Direct reported survey data that represents a household's reading interest in Science Fiction. Valid Values: Y = Yes U = Unknown,HH:Acty/Int:Reading:Science Fiction,"U=unknown,Y=yes"
Activities and Interests/Reading. Direct reported survey data that represents a household's reading interest in Science echnology. Valid Values: Y = Yes U = Unknown,HH:Acty/Int:Reading:Science/Technology,"U=unknown,Y=yes"
Activities and Interests/Reading. Direct reported survey data that represents a household's reading interest in Sports Reading. Valid Values: Y = Yes U = Unknown,HH:Acty/Int:Reading:Sports Reading,"U=unknown,Y=yes"
Activities and Interests/Reading. Direct reported survey data that represents a household's reading interest in World News/Politics. Valid Values: Y = Yes U = Unknown,HH:Acty/Int:Reading:World News/Politics,"U=unknown,Y=yes"
Activities and Interests/Reading. Direct reported survey data that represents a household's interest in Book Reading. Valid Values: Y = Yes U = Unknown,HH:Acty/Int:Reading:Book Reader,"U=unknown,Y=yes"
Activities and Interests/Social Causes and Concerns. Direct reported survey data that represents a household's interest in Animal Welfare social causes/concerns. Valid Values: Y = Yes U = Unknown,HH:Acty/Int:Socl Caus/Con:Animal Wf Soc/Caus/Con,"U=unknown,Y=yes"
Activities and Interests/Social Causes and Concerns. Direct reported survey data that represents a household's interest in Environment/Wildlife social causes/concerns. Valid Values: Y = Yes U = Unknown,HH:Acty/Int:Socl Caus/Con:Environment/Wildlife,"U=unknown,Y=yes"
Activities and Interests/Social Causes and Concerns. Direct reported survey data that represents a household's interest in Conservative Political causes/concerns. Valid Values: Y = Yes U = Unknown,HH:Acty/Int:Socl Caus/Con:Political- Conservative,"U=unknown,Y=yes"
Activities and Interests/Social Causes and Concerns. Direct reported survey data that represents a household's interest in Political- Liberal social causes/concerns. Valid Values: Y = Yes U = Unknown,HH:Acty/Int:Socl Caus/Con:Political- Liberal,"U=unknown,Y=yes"
Activities and Interests/Social Causes and Concerns. Direct reported survey data that represents a household's interest in Children social causes/concerns. Valid Values: Y = Yes U = Unknown,HH:Acty/Int:Socl Caus/Con:Children,"U=unknown,Y=yes"
Activities and Interests/Social Causes and Concerns. Direct reported survey data that represents a household's interest in Veteran social causes/concerns. Valid Values: Y = Yes U = Unknown,HH:Acty/Int:Socl Caus/Con:Veterans,"U=unknown,Y=yes"
Activities and Interests/Social Causes and Concerns. Direct reported survey data that represents a household's interest in Health social causes/concerns. Valid Values: Y = Yes U = Unknown,HH:Acty/Int:Socl Caus/Con:Hlty/Soc Cause/Con,"U=unknown,Y=yes"
Activities and Interests/Social Causes and Concerns. Direct reported survey data that represents a household's interest in Other social causes/concerns. Valid Values: Y = Yes U = Unknown,HH:Acty/Int:Socl Caus/Con:Othr Soc/Cause Con,"U=unknown,Y=yes"
Activities and Interests/Sports and Recreation. Direct reported survey data that represents a household's interest in Baseball. Valid Values: Y = Yes U = Unknown,HH:Acty/Int:Sports/Rec:Baseball,"U=unknown,Y=yes"
Activities and Interests/Sports and Recreation. Direct reported survey data that represents a household's interest in Basketball. Valid Values: Y = Yes U = Unknown,HH:Acty/Int:Sports/Rec:Basketball,"U=unknown,Y=yes"
Activities and Interests/Sports and Recreation. Direct reported survey data that represents a household's interest in Hockey. Valid Values: Y = Yes U = Unknown,HH:Acty/Int:Sports/Rec:Hockey,"U=unknown,Y=yes"
Activities and Interests/Sports and Recreation. Direct reported survey data that represents a household's interest in Camping/Hiking. Valid Values: Y = Yes U = Unknown,HH:Acty/Int:Sports/Rec:Camping/Hiking,"U=unknown,Y=yes"
Activities and Interests/Sports and Recreation. Direct reported survey data that represents a household's interest in Hunting. Valid Values: Y = Yes U = Unknown,HH:Acty/Int:Sports/Rec:Hunting,"U=unknown,Y=yes"
Activities and Interests/Sports and Recreation. Direct reported survey data that represents a household's interest in Fishing. Valid Values: Y = Yes U = Unknown,HH:Acty/Int:Sports/Rec:Fishing,"U=unknown,Y=yes"
Activities and Interests/Sports and Recreation. Direct reported survey data that represents a household's interest in Nascar. Valid Values: Y = Yes U = Unknown,HH:Acty/Int:Sports/Rec:Nascar,"U=unknown,Y=yes"
Activities and Interests/Sports and Recreation. Direct reported survey data that represents a household's interest in Personal Fitness/Exercise. Valid Values: Y = Yes U = Unknown,HH:Acty/Int:Sports/Rec:Personal Fitness/Exercise,"U=unknown,Y=yes"
Activities and Interests/Sports and Recreation. Direct reported survey data that represents a household's interest in Scuba Diving. Valid Values: Y = Yes U = Unknown,HH:Acty/Int:Sports/Rec:Scuba Diving,"U=unknown,Y=yes"
Activities and Interests/Sports and Recreation. Direct reported survey data that represents a household's interest in Football. Valid Values: Y = Yes U = Unknown,HH:Acty/Int:Sports/Rec:Football,"U=unknown,Y=yes"
Activities and Interests/Sports and Recreation. Direct reported survey data that represents a household's interest in Golf. Valid Values: Y = Yes U = Unknown,HH:Acty/Int:Sports/Rec:Golf,"U=unknown,Y=yes"
Activities and Interests/Sports and Recreation. Direct reported survey data that represents a household's interest in Snow Skiing/Boarding. Valid Values: Y = Yes U = Unknown,HH:Acty/Int:Sports/Rec:Snow Skiing/Boarding,"U=unknown,Y=yes"
Activities and Interests/Sports and Recreation. Direct reported survey data that represents a household's interest in Boating/Sailing. Valid Values: Y = Yes U = Unknown,HH:Acty/Int:Sports/Rec:Boating/Sailing,"U=unknown,Y=yes"
Activities and Interests/Sports and Recreation. Direct reported survey data that represents a household's interest in Walking. Valid Values: Y = Yes U = Unknown,HH:Acty/Int:Sports/Rec:Walking,"U=unknown,Y=yes"
Activities and Interests/Sports and Recreation. Direct reported survey data that represents a household's interest in Cycling. Valid Values: Y = Yes U = Unknown,HH:Acty/Int:Sports/Rec:Cycling,"U=unknown,Y=yes"
Activities and Interests/Sports and Recreation. Direct reported survey data that represents a household's interest in Motorcycles. Valid Values: Y = Yes U = Unknown,HH:Acty/Int:Sports/Rec:Motorcycles,"U=unknown,Y=yes"
Activities and Interests/Sports and Recreation. Direct reported survey data that represents a household's interest in Running/Jogging. Valid Values: Y = Yes U = Unknown,HH:Acty/Int:Sports/Rec:Running/Jogging,"U=unknown,Y=yes"
Activities and Interests/Sports and Recreation. Direct reported survey data that represents a household's interest in Soccer. Valid Values: Y = Yes U = Unknown,HH:Acty/Int:Sports/Rec:Soccer,"U=unknown,Y=yes"
Activities and Interests/Sports and Recreation. Direct reported survey data that represents a household's interest in Swimming. Valid Values: Y = Yes U = Unknown,HH:Acty/Int:Sports/Rec:Swimming,"U=unknown,Y=yes"
Activities and Interests/Sports and Recreation. Direct reported survey data that represents a household's interest in Playing Sports In General. Valid Values: Y = Yes U = Unknown,HH:Acty/Int:Sports/Rec:Play Sports In General,"U=unknown,Y=yes"
Activities and Interests/Sweepstakes. Direct reported survey data that represents a household's interest in Sweepstakes. Valid Values: Y = Yes U = Unknown,HH:Acty/Int:Sweepstakes:Sweepstakes,"U=unknown,Y=yes"
Activities and Interests/Sweepstakes. Direct reported survey data that represents a household's interest in Lotteries. Valid Values: Y = Yes U = Unknown,HH:Acty/Int:Sweepstakes:Lotteries,"U=unknown,Y=yes"
Activities and Interests ravel. Direct reported survey data that represents a household's interest in Cruise travel. Valid Values: Y = Yes U = Unknown,HH:Acty/Int:Travel:Cruise,"U=unknown,Y=yes"
Activities and Interests ravel. Direct reported survey data that represents a household's interest in International travel. Valid Values: Y = Yes U = Unknown,HH:Acty/Int:Travel:International,"U=unknown,Y=yes"
Activities and Interests ravel. Direct reported survey data that represents a household's interest in Domestic travel. Valid Values: Y = Yes U = Unknown,HH:Acty/Int:Travel:Domestic,"U=unknown,Y=yes"
Activities and Interests travel. Direct reported survey data that represents a household's interest in Time Shares Valid Values: Y = Yes U = Unknown,HH:Acty/Int:Travel:Time Share,"U=unknown,Y=yes"
Activities and Interests ravel. Direct reported survey data that represents household's that would enjoy a Recreational Vehicle. Valid Values: Y = Yes U = Unknown,HH:Acty/Int:Travel:Recreational Vehicle,"U=unknown,Y=yes"
Activities and Interests ravel. Direct reported survey data that represents household's that would enjoy Would Enjoy RV Travel. Valid Values: Y = Yes U = Unknown,HH:Acty/Int:Travel:Would Enjoy Rv Travel,"U=unknown,Y=yes"
Activities and Interests/Sweepstakes. Direct reported survey data that represents household's interest in Business Travel. Valid Values: Y = Yes U = Unknown,HH:Acty/Int:Travel:Business Travel,"U=unknown,Y=yes"
Activities and Interests/Sweepstakes. Direct reported survey data that represents household's interest in Personal Travel. Valid Values: Y = Yes U = Unknown,HH:Acty/Int:Travel:Personal Travel,"U=unknown,Y=yes"
Activities and Interests/Computer Hardware Software and the Internet. Direct reported survey data that represents household's that own a computer. Valid Values: Y = Yes U = Unknown,HH:Acty/Int:PC & Internet:Own Computer,"U=unknown,Y=yes"
Activities and Interests/Computer Hardware Software and the Internet. Direct reported survey data that represents household's that uses an Internet Service. Valid Values: Y = Yes U = Unknown,HH:Acty/Int:PC & Internet:Use Internet Service,"U=unknown,Y=yes"
Activities and Interests/Computer Hardware Software and the Internet. Direct reported survey data that represents household's that uses Internet Service- DSL/High Speed. Valid Values: Y = Yes U = Unknown,HH:Acty/Int:PC & Internet:Usedsl/Hispd,"U=unknown,Y=yes"
Activities and Interests/Computer Hardware Software and the Internet. Direct reported survey data that represents household's that Plan To Buy Computer. Valid Values: Y = Yes U = Unknown,HH:Acty/Int:PC & Internet:Plan To Buy Computer,"U=unknown,Y=yes"
Activities and Interests/Electronics and Gadgets. Direct reported survey data that represents household's with Cell Phone. Valid Values: Y = Yes U = Unknown,HH:Acty/Int:Elctrncs/Gdgts:Cell Phone,"U=unknown,Y=yes"
Activities and Interests/Electronics and Gadgets. Direct reported survey data that represents household's with Compact Disc Player. Valid Values: Y = Yes U = Unknown,HH:Acty/Int:Elctrncs/Gdgts:Compact Disc Player,"U=unknown,Y=yes"
Activities and Interests/Electronics and Gadgets. Direct reported survey data that represents household's with DVD Player. Valid Values: Y = Yes U = Unknown,HH:Acty/Int:Elctrncs/Gdgts:Dvd Player,"U=unknown,Y=yes"
Activities and Interests/Electronics and Gadgets. Direct reported survey data that represents household's with Satellite Dish. Valid Values: Y = Yes U = Unknown,HH:Acty/Int:Elctrncs/Gdgts:Satellite Dish,"U=unknown,Y=yes"
Activities and Interests/Electronics and Gadgets. Direct reported survey data that represents household's with Digital Camera. Valid Values: Y = Yes U = Unknown,HH:Acty/Int:Elctrncs/Gdgts:Digital Camera,"U=unknown,Y=yes"
Activities and Interests/Electronics and Gadgets. Direct reported survey data that represents household's with HDTV. Valid Values: Y = Yes U = Unknown,HH:Acty/Int:Elctrncs/Gdgts:Hdtv,"U=unknown,Y=yes"
Activities and Interests/Electronics and Gadgets. Direct reported survey data that represents household's with Interest In Electronics. Valid Values: Y = Yes U = Unknown,HH:Acty/Int:Elctrncs/Gdgts:Interest In Electronics,"U=unknown,Y=yes"
Activities and Interests/Electronics and Gadgets. Direct reported survey data that represents household's with Personal Data Assistant (PDA). Valid Values: Y = Yes U = Unknown,HH:Acty/Int:Elctrncs/Gdgts:Pda/Blackberry,"U=unknown,Y=yes"
Activities and Interests/Electronics and Gadgets. Direct reported survey data that represents household's with Video Camera. Valid Values: Y = Yes U = Unknown,HH:Acty/Int:Elctrncs/Gdgts:Video Camera,"U=unknown,Y=yes"
Activities and Interests/Electronics and Gadgets. Direct reported survey data that represents household's with Video Game System. Valid Values: Y = Yes U = Unknown,HH:Acty/Int:Elctrncs/Gdgts:Video Game System,"U=unknown,Y=yes"
Activities and Interests/Cultural and Arts. Direct reported survey data that represents household's with Interest In Cultrual Arts. Valid Values: Y = Yes U = Unknown,HH:Acty/Int:Cltrl/Arts:Interest In Cultrual Arts,"U=unknown,Y=yes"
Activities and Interests/Magazines. Direct reported survey data that represents household's with interest in Business and Finance magazines. Valid Values: Y = Yes U = Unknown,HH:Acty/Int:Magazines:Business And Finance,"U=unknown,Y=yes"
Activities and Interests/Magazines. Direct reported survey data that represents household's with interest in Childrens magazines. Valid Values: Y = Yes U = Unknown,HH:Acty/Int:Magazines:Childrens Magazines,"U=unknown,Y=yes"
Activities and Interests/Magazines. Direct reported survey data that represents household's with interest in Computer/Electronics magazines. Valid Values: Y = Yes U = Unknown,HH:Acty/Int:Magazines:Computer/Electronics,"U=unknown,Y=yes"
Activities and Interests/Magazines. Direct reported survey data that represents household's with interest in Crafts Games and Hobby magazines. Valid Values: Y = Yes U = Unknown,HH:Acty/Int:Magazines:Crafts Games And Hobbies,"U=unknown,Y=yes"
Activities and Interests/Magazines. Direct reported survey data that represents household's with interest in Fitness magazines. Valid Values: Y = Yes U = Unknown,HH:Acty/Int:Magazines:Fitness,"U=unknown,Y=yes"
Activities and Interests/Magazines. Direct reported survey data that represents household's with interest in Food/Wine/Cooking magazines. Valid Values: Y = Yes U = Unknown,HH:Acty/Int:Magazines:Food/Wine/Cooking,"U=unknown,Y=yes"
Activities and Interests/Magazines. Direct reported survey data that represents household's with interest in Gardening magazines. Valid Values: Y = Yes U = Unknown,HH:Acty/Int:Magazines:Gardening Magazines,"U=unknown,Y=yes"
Activities and Interests/Magazines. Direct reported survey data that represents household's with interest in Hunting and Fishing magazines. Valid Values: Y = Yes U = Unknown,HH:Acty/Int:Magazines:Hunting And Fishing,"U=unknown,Y=yes"
Activities and Interests/Magazines. Direct reported survey data that represents household's with interest in Mens magazines. Valid Values: Y = Yes U = Unknown,HH:Acty/Int:Magazines:Mens,"U=unknown,Y=yes"
Activities and Interests/Magazines. Direct reported survey data that represents household's with interest in Music magazines. Valid Values: Y = Yes U = Unknown,HH:Acty/Int:Magazines:Music,"U=unknown,Y=yes"
Activities and Interests/Magazines. Direct reported survey data that represents household's with interest in Parenting/Babiesmagazines. Valid Values: Y = Yes U = Unknown,HH:Acty/Int:Magazines:Parenting/Babies,"U=unknown,Y=yes"
Activities and Interests/Magazines. Direct reported survey data that represents household's with interest in Sports magazines. Valid Values: Y = Yes U = Unknown,HH:Acty/Int:Magazines:Sports Magazines,"U=unknown,Y=yes"
Activities and Interests/Magazines. Direct reported survey data that represents household's with a magazine Subscription. Valid Values: Y = Yes U = Unknown,HH:Acty/Int:Magazines:Subscription,"U=unknown,Y=yes"
Activities and Interests/Magazines. Direct reported survey data that represents household's with interest in Travel magazines. Valid Values: Y = Yes U = Unknown,HH:Acty/Int:Magazines:Travel,"U=unknown,Y=yes"
Activities and Interests/Magazines. Direct reported survey data that represents household's with interest in Womens magazines. Valid Values: Y = Yes U = Unknown,HH:Acty/Int:Magazines:Womens,"U=unknown,Y=yes"
Activities and Interests/Magazines. Direct reported survey data that represents household's with interest in Current Events/News magazines. Valid Values: Y = Yes U = Unknown,HH:Acty/Int:Magazines:Current Events/News,"U=unknown,Y=yes"
"Lifestyles/Affiliations, Clubs and Memberships. Direct reported survey data that represents a household's affiliation with Music Club. Valid Values: Y = Yes U = Unknown",HH:Lifestyl:Affiliation/Member:Music Club,"U=unknown,Y=yes"
Lifestyles/Credit Cards. Direct reported survey data that represents household's presence of American Express/Premium. Valid Values: Y = Yes U = Unknown,HH:Lifestyl:Credit Cards:American Express/Premium,"U=unknown,Y=yes"
Lifestyles/Credit Cards. Direct reported survey data that represents household's presence of American Express/Regular. Valid Values: Y = Yes U = Unknown,HH:Lifestyl:Credit Cards:American Express/Regular,"U=unknown,Y=yes"
Lifestyles/Credit Cards. Direct reported survey data that represents household's presence of Discover/Premium. Valid Values: Y = Yes U = Unknown,HH:Lifestyl:Credit Cards:Discover/Premium,"U=unknown,Y=yes"
Lifestyles/Credit Cards. Direct reported survey data that represents household's presence of Discover/Regular. Valid Values: Y = Yes U = Unknown,HH:Lifestyl:Credit Cards:Discover/Regular,"U=unknown,Y=yes"
Lifestyles/Credit Cards. Direct reported survey data that represents household's presence of Other Card/Premium. Valid Values: Y = Yes U = Unknown,HH:Lifestyl:Credit Cards:Other Card/Premium,"U=unknown,Y=yes"
Lifestyles/Credit Cards. Direct reported survey data that represents household's presence of Other Card/Regular. Valid Values: Y = Yes U = Unknown,HH:Lifestyl:Credit Cards:Other Card/Regular,"U=unknown,Y=yes"
Lifestyles/Credit Cards. Direct reported survey data that represents household's presence of Store Or Retail/Regular. Valid Values: Y = Yes U = Unknown,HH:Lifestyl:Credit Cards:Store Or Retail/Regular,"U=unknown,Y=yes"
Lifestyles/Credit Cards. Direct reported survey data that represents household's presence of Visa/Regular. Valid Values: Y = Yes U = Unknown,HH:Lifestyl:Credit Cards:Visa/Regular,"U=unknown,Y=yes"
Lifestyles/Credit Cards. Direct reported survey data that represents household's presence of Mastercard/Regular. Valid Values: Y = Yes U = Unknown,HH:Lifestyl:Credit Cards:Mastercard/Regular,"U=unknown,Y=yes"
Lifestyles/Entertainment and Fun. Direct reported survey data that represents household's that has a tendancy to Buy Pre-Recorded Videos. Valid Values: Y = Yes U = Unknown,HH:Lifestyl:Entertainment:Buy Pre-Recorded Videos,"U=unknown,Y=yes"
Lifestyles/Entertainment and Fun. Direct reported survey data that represents household's that have tendancy to Watch Cable TV. Valid Values: Y = Yes U = Unknown,HH:Lifestyl:Entertainment:Watch Cable Tv,"U=unknown,Y=yes"
Lifestyles/Entertainment and Fun. Direct reported survey data that represents household's that have tendancy to subscribe to Watch Videos. Valid Values: Y = Yes U = Unknown,HH:Lifestyl:Entertainment:Watch Videos,"U=unknown,Y=yes"
Lifestyles/Financial Investments. Direct reported survey data that represents household's that have tendancy to invest in CDs/Money Market - Currently. Valid Values: Y = Yes U = Unknown,HH:Lifestyl:Financial:Cds/Money Mkt - Cur,"U=unknown,Y=yes"
Lifestyles/Financial Investments. Direct reported survey data that represents household's that have tendancy to invest in Iras - Currently. Valid Values: Y = Yes U = Unknown,HH:Lifestyl:Financial:Iras - Currently,"U=unknown,Y=yes"
Lifestyles/Financial Investments. Direct reported survey data that represents household's that have tendancy to invest in Iras - Future Interest. Valid Values: Y = Yes U = Unknown,HH:Lifestyl:Financial:Iras - Future Interest,"U=unknown,Y=yes"
Lifestyles/Financial Investments. Direct reported survey data that represents household's that have tendancy to invest in Life Insurance - Currently. Valid Values: Y = Yes U = Unknown,HH:Lifestyl:Financial:Life Insur. - Cur,"U=unknown,Y=yes"
Lifestyles/Financial Investments. Direct reported survey data that represents household's that have tendancy to invest in Mutual Funds - Currently. Valid Values: Y = Yes U = Unknown,HH:Lifestyl:Financial:Mutual Funds - Currently,"U=unknown,Y=yes"
Lifestyles/Financial Investments. Direct reported survey data that represents household's that have tendancy to invest in Mutual Funds - Future Interest. Valid Values: Y = Yes U = Unknown,HH:Lifestyl:Financial:Mutl Funds/ - Fut Int,"U=unknown,Y=yes"
Lifestyles/Financial Investments. Direct reported survey data that represents household's that have tendancy to invest in Other Investments - Currently. Valid Values: Y = Yes U = Unknown,HH:Lifestyl:Financial:Othr Invest - Cur,"U=unknown,Y=yes"
Lifestyles/Financial Investments. Direct reported survey data that represents household's that have tendancy to invest in Other Investments - Future Interest. Valid Values: Y = Yes U = Unknown,HH:Lifestyl:Financial:Othr Invest - Future,"U=unknown,Y=yes"
Lifestyles/Financial Investments. Direct reported survey data that represents household's that have tendancy to invest in Real Estate- Currently. Valid Values: Y = Yes U = Unknown,HH:Lifestyl:Financial:Real Estate- Currently,"U=unknown,Y=yes"
Lifestyles/Financial Investments. Direct reported survey data that represents household's that have tendancy to invest in Real Estate- Future Interest. Valid Values: Y = Yes U = Unknown,HH:Lifestyl:Financial:Real Estate - Fut,"U=unknown,Y=yes"
Lifestyles/Financial Investments. Direct reported survey data that represents household's that have tendancy to invest in Stocks Or Bonds - Currently. Valid Values: Y = Yes U = Unknown,HH:Lifestyl:Financial:Stks/Bond - Cur,"U=unknown,Y=yes"
Lifestyles/Financial Investments. Direct reported survey data that represents household's that have tendancy to invest in Stocks Or Bonds - Future Interest. Valid Values: Y = Yes U = Unknown,HH:Lifestyl:Financial:Stks/Bond - Fut,"U=unknown,Y=yes"
Lifestyles/Proud Grandparent. Direct reported survey data that represents household's that contain Proud Grandparents. Valid Values: Y = Yes U = Unknown,HH:Lifestyl:Grandkids:Proud Grandparent,"U=unknown,Y=yes"
Lifestyles/Members of Military and Government Office. Direct reported survey data that represents household's with Veteran present. Valid Values: Y = Yes U = Unknown,HH:Lifestyl:Military/Gov:Vetern,"U=unknown,Y=yes"
Lifestyles/Pets. Direct reported survey data that represents household's that Own a Cat. Valid Values: Y = Yes U = Unknown,HH:Lifestyl:Pets:Own A Cat,"U=unknown,Y=yes"
Lifestyles/Pets. Direct reported survey data that represents household's that Own a Dog. Valid Values: Y = Yes U = Unknown,HH:Lifestyl:Pets:Own A Dog,"U=unknown,Y=yes"
Lifestyles/Pets. Direct reported survey data that represents household's that Own a Pet. Valid Values: Y = Yes U = Unknown,HH:Lifestyl:Pets:Own A Pet,"U=unknown,Y=yes"
Lifestyles/Shopping Method. Direct reported survey data that represents household's that prefer to shop for Computer or Electronics. Valid Values: Y = Yes U = Unknown,HH:Lifestyl:Buying Interest:Comp/Elec,"U=unknown,Y=yes"
Lifestyles/Shopping Method. Direct reported survey data that represents household's that prefer to shop for Sports Related. Valid Values: Y = Yes U = Unknown,HH:Lifestyl:Buying Interest:Sports Related,"U=unknown,Y=yes"
"The Estimated Available Equity model is Experian's proprietary model designed to accurately predict equity in the home for Homeowner records. The value of equity equals the estimated current home value minus the remaining principal of the mortgage loan. The model inputs, such as sale price, sale date and mortgage amount of the property were acquired from realty deed records from the county court house. Position 1= Confidence flag of 1 = Extremely Likely, 2 = Highly Likely, 3 = Likely. Positions 2-5 = Estimated Equity (in thousands) 0000-9999.",Real Estate: Available Equity Amount,$
"Estimated Current Mortgage Amount model estimates the mortgage amount where it is not available. States are grouped into 6 categories on the basis of similarities among each of the states. There is a separate model for each state grouping. The model input variables, such as Sales Amount of the House, Year of Sale of the House and Assessed Value of the House were acquired from the realty deed records and county tax assessor records. Where mortgage amount was unavailable the median mortgage amount of the block or group of homes in that geographic area was utilized. Values represented in thousands.",Real Estate: Estimated Current Mortgage Amount,$
address line 2,Address Line 1,Address
address line 1,Address Line 2,Address
Full city name.,Address City,Address
Number of filled phone buckets,Number of Phones,Number
Zip Code,Address Postal Code,Address
Birth Year and Month,Person #: Birth Year and Month,MMYYYY or YYYY
Business Owner,Person #: Business Owner,"U=Unknown,Y=Yes"
Based on a comprehensive predictive name analysis process which identifies ethnicity.,Person #: Ethnic - Ethnic,"00=Unknown,01=English,02=Scottish,03=Danish,04=Swedish,05=Norwegian,06=Finnish,07=Icelandic,08=Dutch,09=Belgian,10=German,11=Austrian,12=Hungarian,13=Czech,14=Slovak,15=Irish,16=Welsh,17=French,18=Swiss,19=Italian,20=Hispanic,21=Portuguese,22=Polish,23=Estonian,24=Latvian,25=Lithuanian,26=Ukrainian,27=Georgian,28=Byelorussian,29=Armenian,30=Russian,31=Turkish,32=Kurdish,33=Greek,34=Persian,35=Moldovan,36=Bulgarian,37=Romanian,38=Albanian,39=Native American,40=Slovenian,41=Croat,42=Serb,43=Bosniak,44=Azerbaijani,45=Kazakh,46=Afghan,47=Pakistani,48=Bengali,49=Indonesian,50=Asian Indian,51=Burmese (Myanmar),52=Mongolian,53=Chinese,55=Taiwanese,56=Korean,57=Japanese,58=Thai,59=Malaysian,60=Laotian,61=Khmer,62=Vietnamese,63=Sri Lankan,64=Uzbek,65=Hmong,66=Jewish,67=Aleut,68=Hebrew,70=Arab,71=Brazilian,72=Turkmen,73=Tajik,74=Kirghiz,75=Saudi,76=Iraqi,77=Libyan,78=Egyptian,79=Rwandan,7B=Djiboutian,7C=Manx,7E=Nepalese,7F=Samoan,7G=Mauritanian,7H=Inuit,7M=Trinidadian,7N=Southern African,80=Tongan,81=Senegalese,82=Malawian,83=South Sudanese,84=Moroccan,85=African American,86=Kenyan,87=Nigerian (Nigeria),88=Ghanaian,89=Zambian,8A=Congolese,8B=Central African (Central African Republic),8C=Togolese,8D=Bahraini,8E=Qatari,8F=Guyanese,8G=Tibetan,8H=Fijian,8I=Swazi,8J=Zulu,8K=Xhosa,8M=Afrikaner,8N=Liberian,8O=Comoran,8P=Beninese,8Q=Burkinabe (Burkina Faso),8R=Nigerian (Niger),8S=Akan,8T=Swahili,8U=Haitian,8V=Malian,8W=Jamaican,8X=Hausa,8Y=African Continental,91=Surinamese,92=Mozambican (Mozambique),93=Ivorian (Ivory Coast),94=Bhutanese,95=Ethiopian,96=Ugandan,97=Batswana (Botswana),98=Cameroonian,99=Zimbabwean,9A=Namibian,9B=Burundi,9C=Tanzanian,9D=Gambian,9E=Somali,9F=Macedonian,9G=Chadian,9H=Gabonese,9I=Angolan,9J=Chechen,9K=Igbo,9L=Yoruba,9M=Algerian,9N=Filipino,9O=Sotho (Lesotho),9P=Tunisian,9Q=Hawaiian,9R=Malagasy (Madagascar),9T=Sierra Leonean,9U=Kuwaiti,9V=Yemeni,9W=Guinean (Guinea-Bissau),9X=Papua New Guinean,9Y=Equatorial Guinean,9Z=Syrian,A1=African American (Arabic),A2=African American (Arabic),A3=African American (Arabic),A4=African American (Arabic),A5=African American (Arabic),blank=Null,D1=African American (Dutch),D2=African American (Dutch),D3=African American (Dutch),D4=African American (Dutch),D5=African American (Dutch),E1=African American (English),E2=African American (English),E3=African American (English),E4=African American (English),E5=African American (English),F1=African American (French),F2=African American (French),F3=African American (French),F4=African American (French),F5=African American (French),I1=African American (Irish),I2=African American (Irish),I3=African American (Irish),I4=African American (Irish),I5=African American (Irish),S1=African American (Scotch),S2=African American (Scotch),S3=African American (Scotch),S4=African American (Scotch),S5=African American (Scotch),U1=African American (Unknown),U2=African American (Unknown),U3=African American (Unknown),U4=African American (Unknown),U5=African American (Unknown),UC=Uncodable,W1=African American (Welsh),W2=African American (Welsh),W3=African American (Welsh),W4=African American (Welsh),W5=African American (Welsh),ZZ=Multi-Ethnic,"
New Mover Indicator (moved within last 6 months),New Mover: Indicator last 6 months,"N=no,Y=yes"
New Homeowner Indicator (owned a home within last 6 months) doesn't include any equity or refinance infomraiton. This is for mortgage data only.,New Homeowner Indicator 6M,"N=No,Y=yes"
"Assimilation coding can be identified on the following detail ethnicities: Hispanic, Chinese, Japanese, Khmer, Korean, Laotian, Thai, Vietnamese, Filipino, Indian and Pakistani. Please use the Detail Ethnicity select to target the appropriate ethnicity. If a Detail Ethnicity select is not chosen, the user will receive data on all ethnicities listed above.",Person 1: Ethnic - Assimilation,"0=Not Applicable or Unknown,1=Assimilated Speaks English Only,2=Bilingual English,3=Bilingual Native,4=Unassimilated Native Only,blank=Blank,"
"Estimated Current Monthly Mortgage Payment model is a subset of Experian's Equity model predicting monthly mortgage payments in ranges. Input variables such as sale date, mortgage amount and interest rate acquired from county court realty deed records. Values = A-N and U. See Field ID 10886 for further content.",Estimated Currently Monthly Mortgage,"A=1-199,B=200-299,C=300-399,D=400-499,E=500-599,F=600-699,G=700-799,H=800-899,I=900-999,J=1000-1199,K=1200-1399,L=1400-1699,M=1700-1999,N=2000+,U=Unknown"
Year the residence was built or by the application of a predictive model. Field should be used in conjunction with the Year Built Confidence field.,Property/Realty: Year Built,Text Year
Predicts the dollar estimate of annual household spend on dining out. Values represent an actual annual dollar amount. Values: 00010 - 99000.,DSE: Dine Out,$
Predicts the dollar estimate of annual household spend on alcohol and wine. Values represent an actual annual dollar amount. Values: 00010 - 99000.,DSE: Alcohol and Wine,$
Predicts the dollar estimate of annual household spend on apparel. Values represent an actual annual dollar amount. Values: 00010 - 99000.,DSE: Apparel,$
Predicts the dollar estimate of annual household spend on entertainment types of activities. Values represent an actual annual dollar amount. Valid Values: 00100 - 99000.,DSE: Entertainment,$
"DSE Category - Personal predicts the dollar estimate of annual household spend on personal types of items such as cosmetics, salons, aesthetics and spas. Values represent an actual annual dollar amount. Valid Values for DSE Subcategory Score: 5 Bytes: 00010 - 99000.",DSE: Personal,$
DSE Category - Reading predicts the dollar estimate of annual household spend on reading items such as books and magazines. Values represent an actual annual dollar amount. Valid Values for DSE Subcategory Score: 5 Bytes: 00010 - 99000.,DSE: Reading,$
"Predicts the dollar estimate of annual household spend on educational items such as schools, classes and seminars. Values represent an actual annual dollar amount. Valid Values: 00010 - 99000.",DSE: Education,$
"Predicts the dollar estimate of annual household spend on leisure travel items including domestic travel, international travel, and cruises.. Values represent an actual annual dollar amount. Valid Values for DSE Subcategory Score:5 Bytes: 00010 - 99000.",DSE: Travel,$
Predicts the dollar estimate of annual household spend on charitable giving. Values represent an actual annual dollar amount. Valid values: 00010 - 99000.,DSE: Donation,$
Predicts the dollar estimate of annual household spend on home furnishing items. Values represent an actual annual dollar amount. Valid Values: 00010 - 99000.,DSE: Furnishings,$
DSE Category - Entertainment Fees and Admissions predicts the dollar estimate of annual household spend on fees and admission charges for entertainment purposes. Values represent an actual annual dollar amount. Valid Values for DSE Subcategory Score: 5 Bytes: 00010 - 99000.,DSE:Entertain Fees & Admission,$
Predicts the dollar estimate of annual household spend on basic entertainment activities. Values represent an actual annual dollar amount. Valid Values for DSE Subcategory Score: 00010 - 99000.,DSE: Entertainment Other,$
DSE Category - Entertainment Audio and Visual predicts the dollar estimate of annual household spend on audio and visual types of entertainment. Values represents an actual annual dollar amount. Valid Values for DSE Subcategory Score: 00010 - 99000.,DSE:Entertainment Audio Visual,$
"Net worth predictor including wealth from all sources. Based on known/inferred data and proprietary models. Values: 000000-999999, in thousands (1=1000).",IQ: WealthIQ Net Assets Score,Number in thousands - higher is higher net worth
"Median: IQ: InvestorIQ: This field predicts the amount of taxable invested assets of the household for each InvestorIQ category; checking, securities, savings, bonds, life insurance and annuities. Created in partnership between Experian a third party, the predictive model is based on financial survey data plied to an individual, household and area level characteristics from the ConsumerView marketing database.",Investable Assets,$
TrueTouch: Email Engagement,Person 1: TrueTouch Email Engagement,"0 = Unknown, 1 = Extremely Likely, 2 = Highly Likely, 3 = Very Likely, 4 = Somewhat Likely, 5 = Likely, 6 = Somewhat Unlikely, 7 = Very Unlikely, 8 = Highly Unlikely, 9 = Extremely Unlikely"
Predicts the likelihood the consumer household engages with brands via the email channel or is receptive to brand messages delivered in the email channel,TrueTouch: Email Engagement,"0=Unknown,1=Extremely Likely,2=Highly Likely,3=Very likely,4=Somewhat Likely,5=Likely,6=Somewhat Unlikely,7=Very Unlikely,8=Highly Unlikely,9=Extremely Unlikely"
These consumers like to compare prices across different sites before purchasing and typically read online reviews and consumer reports,Person 1: TrueTouch: Savvy Researchers,"0=Unknown,1=Extremely Likely,2=Highly Likely,3=Very Likely,4=Somewhat Likely,5=Likely,6=Somewhat Unlikely,7=Very Unlikely,8=Highly Unlikely,9=Extremely Unlikely,"
"These consumers buy natural and organic products, often preferring to put natural things in their homes and bodies.",Person 1: TrueTouch: Organic and natural,"0=Unknown,1=Extremely Likely,2=Highly Likely,3=Very Likely,4=Somewhat Likely,5=Likely,6=Somewhat Unlikely,7=Very Unlikely,8=Highly Unlikely,9=Extremely Unlikely,"
These consumers are willing to pay more for proven and reputable brands,Person 1: TrueTouch: Brand Loyalists,"0=Unknown,1=Extremely Likely,2=Highly Likely,3=Very Likely,4=Somewhat Likely,5=Likely,6=Somewhat Unlikely,7=Very Unlikely,8=Highly Unlikely,9=Extremely Unlikely,"
These consumers are trend setters and early adopters of new products.,Person 1: TrueTouch: Trendsetters,"0=Unknown,1=Extremely Likely,2=Highly Likely,3=Very Likely,4=Somewhat Likely,5=Likely,6=Somewhat Unlikely,7=Very Unlikely,8=Highly Unlikely,9=Extremely Unlikely,"
Price is more important to these consumers than brand name,Person 1: TrueTouch: Deal Seekers,"0=Unknown,1=Extremely Likely,2=Highly Likely,3=Very Likely,4=Somewhat Likely,5=Likely,6=Somewhat Unlikely,7=Very Unlikely,8=Highly Unlikely,9=Extremely Unlikely,"
These are your store browsers who find joy and relaxation in looking for new and interesting offers,Person 1: TrueTouch: Recreational Shoppers,"0=Unknown,1=Extremely Likely,2=Highly Likely,3=Very Likely,4=Somewhat Likely,5=Likely,6=Somewhat Unlikely,7=Very Unlikely,8=Highly Unlikely,9=Extremely Unlikely,"
"Quality matters for these consumers and they are willing to pay more for fresh ingredients, durable materials and quality craftsmanship",Person 1: TrueTouch: Quality Matters,"0=Unknown,1=Extremely Likely,2=Highly Likely,3=Very Likely,4=Somewhat Likely,5=Likely,6=Somewhat Unlikely,7=Very Unlikely,8=Highly Unlikely,9=Extremely Unlikely,"
"These spenders find it difficult to say 'no' to things that catch their eyes. They recognize they are ""spenders"" rather than ""savers"" and appreciate a convenient purchase opportunity. Top of mind = In the cart.",Person 1: TrueTouch: In the Moment Shoppers,"0=Unknown,1=Extremely Likely,2=Highly Likely,3=Very Likely,4=Somewhat Likely,5=Likely,6=Somewhat Unlikely,7=Very Unlikely,8=Highly Unlikely,9=Extremely Unlikely,"
"Trendy by association, these consumers enjoy following the latest trends set by innovators. They appreciate understanding what the trendsetters are buying these days.",Person 1: TrueTouch: Mainstream Adopters,"0=Unknown,1=Extremely Likely,2=Highly Likely,3=Very Likely,4=Somewhat Likely,5=Likely,6=Somewhat Unlikely,7=Very Unlikely,8=Highly Unlikely,9=Extremely Unlikely,"
These consumers dislike the same ol' and prefer to try new brands or new options. Variety is the spice of life.,Person 1: TrueTouch: Novelty Seekers,"0=Unknown,1=Extremely Likely,2=Highly Likely,3=Very Likely,4=Somewhat Likely,5=Likely,6=Somewhat Unlikely,7=Very Unlikely,8=Highly Unlikely,9=Extremely Unlikely,"
These consumers like to compare prices across different sites before purchasing and typically read online reviews and consumer reports,True Touch: Savvy researchers,"1=Extremely Likely,2=Highly likely,3=Very likely,4=Somewhat Likely,5=Likely,6=Somewhat unlikely,7=Very unlikely,8=highly unlikely,9=Extremely Unlikely,"
"These consumers buy natural and organic products, often preferring to put natural things in their homes and bodies.",TrueTouch: Organic and natural,"1=Extremely Likely,2=Highly likely,3=Very likely,4=Somewhat Likely,5=Likely,6=Somewhat unlikely,7=Very unlikely,8=highly unlikely,9=Extremely Unlikely,"
These consumers are willing to pay more for proven and reputable brands,TrueTouch: Brand loyalists,"1=Extremely Likely,2=Highly likely,3=Very likely,4=Somewhat Likely,5=Likely,6=Somewhat unlikely,7=Very unlikely,8=highly unlikely,9=Extremely Unlikely,"
These consumers are trend setters and early adopters of new products.,TrueTouch: Trendsetters,"1=Extremely Likely,2=Highly likely,3=Very likely,4=Somewhat Likely,5=Likely,6=Somewhat unlikely,7=Very unlikely,8=highly unlikely,9=Extremely Unlikely,"
Price is more important to these consumers than brand name,TrueTouch: Deal seekers,"1=Extremely Likely,2=Highly likely,3=Very likely,4=Somewhat Likely,5=Likely,6=Somewhat unlikely,7=Very unlikely,8=highly unlikely,9=Extremely Unlikely,"
These are your store browsers who find joy and relaxation in looking for new and interesting offers,TrueTouch: Recreational shoppers,"1=Extremely Likely,2=Highly likely,3=Very likely,4=Somewhat Likely,5=Likely,6=Somewhat unlikely,7=Very unlikely,8=highly unlikely,9=Extremely Unlikely,"
"Quality matters for these consumers and they are willing to pay more for fresh ingredients, durable materials and quality craftsmanship",TrueTouch: Quality matters,"1=Extremely Likely,2=Highly likely,3=Very likely,4=Somewhat Likely,5=Likely,6=Somewhat unlikely,7=Very unlikely,8=highly unlikely,9=Extremely Unlikely,"
"These spenders find it difficult to say 'no' to things that catch their eyes. They recognize they are ""spenders"" rather than ""savers"" and appreciate a convenient purchase opportunity. Top of mind = In the cart.",TrueTouch: In the moment shoppers,"1=Extremely Likely,2=Highly likely,3=Very likely,4=Somewhat Likely,5=Likely,6=Somewhat unlikely,7=Very unlikely,8=highly unlikely,9=Extremely Unlikely,"
"Trendy by association, these consumers enjoy following the latest trends set by innovators. They appreciate understanding what the trendsetters are buying these days.",TrueTouch: Mainstream adopters,"1=Extremely Likely,2=Highly likely,3=Very likely,4=Somewhat Likely,5=Likely,6=Somewhat unlikely,7=Very unlikely,8=highly unlikely,9=Extremely Unlikely,"
These consumers dislike the same ol' and prefer to try new brands or new options. Variety is the spice of life.,TrueTouch: Novelty seekers,"1=Extremely Likely,2=Highly likely,3=Very likely,4=Somewhat Likely,5=Likely,6=Somewhat unlikely,7=Very unlikely,8=highly unlikely,9=Extremely Unlikely,"
"Median Estimated Household Income Range V6 is the total estimated income for a living unit, and incorporates several highly predictive individual and household level variables. The income estimation is determined using multiple statistical methodologies to predict the income estimate for the living unit. Represents the median value of the ZIP/ZIP4.",Median: Est HH Income Range V6,"A=A=$1,000-$14,999,B=B=$15,000-$24,999,Blank=Unknown,C=C=$25,000-$34,999,D=D=$35,000-$49,999,E=E=$50,000-$74,999,F=F=$75,000-$99,999,G=G=$100,000-$124,999,H=H=$125,000-$149,999,I=I=$150,000-$174,999,J=J=$175,000-$199,999,K=K=$200,000-$249,999,L=L=$250,000+,U=U=Unknown,"
"TrueTouch is a patented advertising receptivity solution that helps determine not only the messaging style, but a consumers most receptive communication channel. This attribute is based on consumers reporting their preference to learn about brands through this channel.",Person 1: TrueTouch Eng: Broadcast Cable TV,"0=Unknown,1=Extremely Likely,2=Highly Likely,3=Very Likely,4=Somewhat Likely,5=Likely,6=Somewhat Unlikely,7=Very Unlikely,8=Highly Unlikely,9=Extremely Unlikely,Blank=Not Scored,"
"TrueTouch is a patented advertising receptivity solution that helps determine not only the messaging style, but a consumers most receptive communication channel. This attribute is based on consumers reporting their preference to learn about brands through this channel.",TrueTouch Eng: Broadcast Cable TV,"0=Unknown,1=Extremely Likely,2=Highly Likely,3=Very Likely,4=Somewhat Likely,5=Likely,6=Somewhat Unlikely,7=Very Unlikely,8=Highly Unlikely,9=Extremely Unlikely,Blank=Not Scored,"
"TrueTouch is a patented advertising receptivity solution that helps determine not only the messaging style, but a consumers most receptive communication channel. This attribute is based on consumers reporting their preference to learn about brands through this channel.",Person 1: TrueTouch Eng: Digital Display,"0=Unknown,1=Extremely Likely,2=Highly Likely,3=Very Likely,4=Somewhat Likely,5=Likely,6=Somewhat Unlikely,7=Very Unlikely,8=Highly Unlikely,9=Extremely Unlikely,Blank=Not Scored,"
"TrueTouch is a patented advertising receptivity solution that helps determine not only the messaging style, but a consumers most receptive communication channel. This attribute is based on consumers reporting their preference to learn about brands through this channel.",TrueTouch Eng: Digital Display,"0=Unknown,1=Extremely Likely,2=Highly Likely,3=Very Likely,4=Somewhat Likely,5=Likely,6=Somewhat Unlikely,7=Very Unlikely,8=Highly Unlikely,9=Extremely Unlikely,Blank=Not Scored,"
"TrueTouch is a patented advertising receptivity solution that helps determine not only the messaging style, but a consumers most receptive communication channel. This attribute is based on consumers reporting their preference to learn about brands through this channel.",Person 1: TrueTouch Eng: Direct Mail,"0=Unknown,1=Extremely Likely,2=Highly Likely,3=Very Likely,4=Somewhat Likely,5=Likely,6=Somewhat Unlikely,7=Very Unlikely,8=Highly Unlikely,9=Extremely Unlikely,Blank=Not Scored,"
"TrueTouch is a patented advertising receptivity solution that helps determine not only the messaging style, but a consumers most receptive communication channel. This attribute is based on consumers reporting their preference to learn about brands through this channel.",TrueTouch Eng: Direct Mail,"0=Unknown,1=Extremely Likely,2=Highly Likely,3=Very Likely,4=Somewhat Likely,5=Likely,6=Somewhat Unlikely,7=Very Unlikely,8=Highly Unlikely,9=Extremely Unlikely,Blank=Not Scored,"
"TrueTouch is a patented advertising receptivity solution that helps determine not only the messaging style, but a consumers most receptive communication channel. This attribute is based on consumers reporting their preference to learn about brands through this channel.",Person 1: TrueTouch Eng: Digital Newspaper,"0=Unknown,1=Extremely Likely,2=Highly Likely,3=Very Likely,4=Somewhat Likely,5=Likely,6=Somewhat Unlikely,7=Very Unlikely,8=Highly Unlikely,9=Extremely Unlikely,Blank=Not Scored,"
"TrueTouch is a patented advertising receptivity solution that helps determine not only the messaging style, but a consumers most receptive communication channel. This attribute is based on consumers reporting their preference to learn about brands through this channel.",TrueTouch Eng: Digital Newspaper,"0=Unknown,1=Extremely Likely,2=Highly Likely,3=Very Likely,4=Somewhat Likely,5=Likely,6=Somewhat Unlikely,7=Very Unlikely,8=Highly Unlikely,9=Extremely Unlikely,Blank=Not Scored,"
"TrueTouch is a patented advertising receptivity solution that helps determine not only the messaging style, but a consumers most receptive communication channel. This attribute is based on consumers reporting their preference to learn about brands through this channel.",Person 1: TrueTouch Eng: Digital Video,"0=Unknown,1=Extremely Likely,2=Highly Likely,3=Very Likely,4=Somewhat Likely,5=Likely,6=Somewhat Unlikely,7=Very Unlikely,8=Highly Unlikely,9=Extremely Unlikely,Blank=Not Scored,"
"TrueTouch is a patented advertising receptivity solution that helps determine not only the messaging style, but a consumers most receptive communication channel. This attribute is based on consumers reporting their preference to learn about brands through this channel.",TrueTouch Eng: Digital Video,"0=Unknown,1=Extremely Likely,2=Highly Likely,3=Very Likely,4=Somewhat Likely,5=Likely,6=Somewhat Unlikely,7=Very Unlikely,8=Highly Unlikely,9=Extremely Unlikely,Blank=Not Scored,"
"TrueTouch is a patented advertising receptivity solution that helps determine not only the messaging style, but a consumers most receptive communication channel. This attribute is based on consumers reporting their preference to learn about brands through this channel.",Person 1: TrueTouch Eng: Radio,"0=Unknown,1=Extremely Likely,2=Highly Likely,3=Very Likely,4=Somewhat Likely,5=Likely,6=Somewhat Unlikely,7=Very Unlikely,8=Highly Unlikely,9=Extremely Unlikely,Blank=Not Scored,"
"TrueTouch is a patented advertising receptivity solution that helps determine not only the messaging style, but a consumers most receptive communication channel. This attribute is based on consumers reporting their preference to learn about brands through this channel.",TrueTouch Eng: Radio,"0=Unknown,1=Extremely Likely,2=Highly Likely,3=Very Likely,4=Somewhat Likely,5=Likely,6=Somewhat Unlikely,7=Very Unlikely,8=Highly Unlikely,9=Extremely Unlikely,Blank=Not Scored,"
"TrueTouch is a patented advertising receptivity solution that helps determine not only the messaging style, but a consumers most receptive communication channel. This attribute is based on consumers reporting their preference to learn about brands through this channel.",Person 1: TrueTouch Eng: Streaming TV,"0=Unknown,1=Extremely Likely,2=Highly Likely,3=Very Likely,4=Somewhat Likely,5=Likely,6=Somewhat Unlikely,7=Very Unlikely,8=Highly Unlikely,9=Extremely Unlikely,Blank=Not Scored,"
"TrueTouch is a patented advertising receptivity solution that helps determine not only the messaging style, but a consumers most receptive communication channel. This attribute is based on consumers reporting their preference to learn about brands through this channel.",TrueTouch Eng: Streaming TV,"0=Unknown,1=Extremely Likely,2=Highly Likely,3=Very Likely,4=Somewhat Likely,5=Likely,6=Somewhat Unlikely,7=Very Unlikely,8=Highly Unlikely,9=Extremely Unlikely,Blank=Not Scored,"
"TrueTouch is a patented advertising receptivity solution that helps determine not only the messaging style, but a consumers most receptive communication channel. This attribute is based on consumers reporting their preference to learn about brands through this channel.",Person 1: TrueTouch Eng: Traditional Newspaper,"0=Unknown,1=Extremely Likely,2=Highly Likely,3=Very Likely,4=Somewhat Likely,5=Likely,6=Somewhat Unlikely,7=Very Unlikely,8=Highly Unlikely,9=Extremely Unlikely,Blank=Not Scored,"
"TrueTouch is a patented advertising receptivity solution that helps determine not only the messaging style, but a consumers most receptive communication channel. This attribute is based on consumers reporting their preference to learn about brands through this channel.",TrueTouch Eng: Traditional Newspaper,"0=Unknown,1=Extremely Likely,2=Highly Likely,3=Very Likely,4=Somewhat Likely,5=Likely,6=Somewhat Unlikely,7=Very Unlikely,8=Highly Unlikely,9=Extremely Unlikely,Blank=Not Scored,"
"TrueTouch is a patented advertising receptivity solution that helps determine not only the messaging style, but a consumers most receptive communication channel. This attribute is based on consumers reporting their preference to learn about brands through this channel.",Person 1: TrueTouch Eng: Mobile SMS MMS,"0=Unknown,1=Extremely Likely,2=Highly Likely,3=Very Likely,4=Somewhat Likely,5=Likely,6=Somewhat Unlikely,7=Very Unlikely,8=Highly Unlikely,9=Extremely Unlikely,Blank=Not Scored,"
"TrueTouch is a patented advertising receptivity solution that helps determine not only the messaging style, but a consumers most receptive communication channel. This attribute is based on consumers reporting their preference to learn about brands through this channel.",TrueTouch Eng: Mobile SMS MMS,"0=Unknown,1=Extremely Likely,2=Highly Likely,3=Very Likely,4=Somewhat Likely,5=Likely,6=Somewhat Unlikely,7=Very Unlikely,8=Highly Unlikely,9=Extremely Unlikely,Blank=Not Scored,"
"TrueTouch is a patented advertising receptivity solution that helps determine not only the messaging style, but also the preferred communication and conversion channels. This TrueTouch Conversion Channel attribute predicts a person's likelihood to make purchases via Online Deal Vouchers like Groupon or LivingSocial.",Person 1: TT Conv: Online Deal Voucher,"0=No Data available-on fixed formats only,1=Extremely Likely,2=Highly Likely,3=Very Likely,4=Somewhat Likely,5=Likely,6=Somewhat Unlikely,7=Very Unlikely,8=Highly Unlikely,9=Extremely Unlikely,"
"TrueTouch is a patented advertising receptivity solution that helps determine not only the messaging style, but also the preferred communication and conversion channels. This TrueTouch Conversion Channel attribute predicts a person's likelihood to make purchases via Online Deal Vouchers like Groupon or LivingSocial.",TT Conv: Online Deal Voucher,"0=Unknown,1=Extremely Likely,2=Highly Likely,3=Very Likely,4=Somewhat Likely,5=Likely,6=Somewhat Unlikely,7=Very Unlikely,8=Highly Unlikely,9=Extremely Unlikely,"
"TrueTouch is a patented advertising receptivity solution that helps determine not only the messaging style, but also the preferred communication and conversion channels. This TrueTouch Conversion Channel attribute predicts a person's likelihood to make purchases in online or brick and mortal discount superstores like walmart.com or Target",Person 1: TT Conv: Discount Supercenters,"0=No Data available-on fixed formats only,1=Extremely Likely,2=Highly Likely,3=Very Likely,4=Somewhat Likely,5=Likely,6=Somewhat Unlikely,7=Very Unlikely,8=Highly Unlikely,9=Extremely Unlikely,"
"TrueTouch is a patented advertising receptivity solution that helps determine not only the messaging style, but also the preferred communication and conversion channels. This TrueTouch Conversion Channel attribute predicts a person's likelihood to make purchases in online or brick and mortal discount superstores like walmart.com or Target",TT Conv: Discount Supercenters,"0=Unknown,1=Extremely Likely,2=Highly Likely,3=Very Likely,4=Somewhat Likely,5=Likely,6=Somewhat Unlikely,7=Very Unlikely,8=Highly Unlikely,9=Extremely Unlikely,"
"TrueTouch is a patented advertising receptivity solution that helps determine not only the messaging style, but also the preferred communication and conversion channels. This TrueTouch Conversion Channel attribute predicts a person's likelihood to make purchases on Ebid sites like eBay and other marketplaces where bidding or negotiating pricing is typical.",Person 1: TT Conv: Ebid Sites,"0=No Data available-on fixed formats only,1=Extremely Likely,2=Highly Likely,3=Very Likely,4=Somewhat Likely,5=Likely,6=Somewhat Unlikely,7=Very Unlikely,8=Highly Unlikely,9=Extremely Unlikely,"
"TrueTouch is a patented advertising receptivity solution that helps determine not only the messaging style, but also the preferred communication and conversion channels. This TrueTouch Conversion Channel attribute predicts a person's likelihood to make purchases on Ebid sites like eBay and other marketplaces where bidding or negotiating pricing is typical.",TT Conv: EBid Sites,"0=Unknown,1=Extremely Likely,2=Highly Likely,3=Very Likely,4=Somewhat Likely,5=Likely,6=Somewhat Unlikely,7=Very Unlikely,8=Highly Unlikely,9=Extremely Unlikely,"
"TrueTouch is a patented advertising receptivity solution that helps determine not only the messaging style, but also the preferred communication and conversion channels. This TrueTouch Conversion Channel attribute predicts a person's likelihood to make purchases on Etail only sites such as Zappos.com or Etsy.com.",Person 1: TT Conv Conv: Etail only,"0=No Data available-on fixed formats only,1=Extremely Likely,2=Highly Likely,3=Very Likely,4=Somewhat Likely,5=Likely,6=Somewhat Unlikely,7=Very Unlikely,8=Highly Unlikely,9=Extremely Unlikely,"
"TrueTouch is a patented advertising receptivity solution that helps determine not only the messaging style, but also the preferred communication and conversion channels. This TrueTouch Conversion Channel attribute predicts a person's likelihood to make purchases on Etail only sites such as Zappos.com or Etsy.com.",TT Conv: Etail only,"0=Unknown,1=Extremely Likely,2=Highly Likely,3=Very Likely,4=Somewhat Likely,5=Likely,6=Somewhat Unlikely,7=Very Unlikely,8=Highly Unlikely,9=Extremely Unlikely,"
"TrueTouch is a patented advertising receptivity solution that helps determine not only the messaging style, but also the preferred communication and conversion channels. This TrueTouch Conversion Channel attribute predicts a person's likelihood to make purchases at online or brick and mortar stores that are considered mid- to high-end retailers like Macy's, Neiman Marcus and Nordstrom",Person 1: TT Conv: Mid-High End Store,"0=No Data available-on fixed formats only,1=Extremely Likely,2=Highly Likely,3=Very Likely,4=Somewhat Likely,5=Likely,6=Somewhat Unlikely,7=Very Unlikely,8=Highly Unlikely,9=Extremely Unlikely,"
"TrueTouch is a patented advertising receptivity solution that helps determine not only the messaging style, but also the preferred communication and conversion channels. This TrueTouch Conversion Channel attribute predicts a person's likelihood to make purchases at online or brick and mortar stores that are considered mid- to high-end retailers like Macy's, Neiman Marcus and Nordstrom",TT Conv: Mid-High End Store,"0=Unknown,1=Extremely Likely,2=Highly Likely,3=Very Likely,4=Somewhat Likely,5=Likely,6=Somewhat Unlikely,7=Very Unlikely,8=Highly Unlikely,9=Extremely Unlikely,"
"TrueTouch is a patented advertising receptivity solution that helps determine not only the messaging style, but also the preferred communication and conversion channels. This TrueTouch Conversion Channel attribute predicts a person's likelihood to make purchases at online or brick and mortar specialty department stores such as Home Depot (Paint and Plumbing departments) or Bed Bath & Beyond (Bedding and Dcor departments)",Person 1: TT Conv Conv: Specialty Dept Store,"0=No Data available-on fixed formats only,1=Extremely Likely,2=Highly Likely,3=Very Likely,4=Somewhat Likely,5=Likely,6=Somewhat Unlikely,7=Very Unlikely,8=Highly Unlikely,9=Extremely Unlikely,"
"TrueTouch is a patented advertising receptivity solution that helps determine not only the messaging style, but also the preferred communication and conversion channels. This TrueTouch Conversion Channel attribute predicts a person's likelihood to make purchases at online or brick and mortar specialty department stores such as Home Depot (Paint and Plumbing departments) or Bed Bath & Beyond (Bedding and Dcor departments)",TT Conv: Specialty Dept Store,"0=Unknown,1=Extremely Likely,2=Highly Likely,3=Very Likely,4=Somewhat Likely,5=Likely,6=Somewhat Unlikely,7=Very Unlikely,8=Highly Unlikely,9=Extremely Unlikely,"
"TrueTouch is a patented advertising receptivity solution that helps determine not only the messaging style, but also the preferred communication and conversion channels. This TrueTouch Conversion Channel attribute predicts a person's likelihood to make purchases at online or brick and mortar wholesale stores like Costo, Sams and Overstock.com",Person 1: TT Conv Conv: Wholesale,"0=No Data available-on fixed formats only,1=Extremely Likely,2=Highly Likely,3=Very Likely,4=Somewhat Likely,5=Likely,6=Somewhat Unlikely,7=Very Unlikely,8=Highly Unlikely,9=Extremely Unlikely,"
"TrueTouch is a patented advertising receptivity solution that helps determine not only the messaging style, but also the preferred communication and conversion channels. This TrueTouch Conversion Channel attribute predicts a person's likelihood to make purchases at online or brick and mortar wholesale stores like Costo, Sams and Overstock.com",TT Conv: Wholesale,"0=Unknown,1=Extremely Likely,2=Highly Likely,3=Very Likely,4=Somewhat Likely,5=Likely,6=Somewhat Unlikely,7=Very Unlikely,8=Highly Unlikely,9=Extremely Unlikely,"
"TrueTouch is a patented advertising receptivity solution that helps determine not only the messaging style, but also the preferred communication and conversion channels. This TrueTouch Conversion Channel attribute predicts a person's likelihood to make purchases at online or brick and mortar specialty stores and boutiques such as Victoria's Secret, Pottery Barn, J. Crew and more.",Person 1: TT Conv Conv: Specialty or Boutique,"0=No Data available-on fixed formats only,1=Extremely Likely,2=Highly Likely,3=Very Likely,4=Somewhat Likely,5=Likely,6=Somewhat Unlikely,7=Very Unlikely,8=Highly Unlikely,9=Extremely Unlikely,"
"TrueTouch is a patented advertising receptivity solution that helps determine not only the messaging style, but also the preferred communication and conversion channels. This TrueTouch Conversion Channel attribute predicts a person's likelihood to make purchases at online or brick and mortar specialty stores and boutiques such as Victoria's Secret, Pottery Barn, J. Crew and more.",TT Conv: Specialty or Boutique,"0=Unknown,1=Extremely Likely,2=Highly Likely,3=Very Likely,4=Somewhat Likely,5=Likely,6=Somewhat Unlikely,7=Very Unlikely,8=Highly Unlikely,9=Extremely Unlikely,"
Average number of auto loan and lease trades,Average number of auto loan and lease trades,Number
Average number of auto loan trades,Average number of auto loan trades,Number
Average number of revolving bankcard trades,,Number
Average number of external collection trades,Average number of external collection trades,Number
Average number of installment trades,Average number of installment trades,Number
Average number of mortgage type trades,,number
Average monthly payment on open first mortgage trades reported in the last 6 months,Average monthly payment on open first mortgage trades reported in the last 6 months,number
Average number of second mortgage trades,Average number of second mortgage trades,number
Average monthly payment on open second mortgage trades reported in the last 6 months,Average monthly payment on open second mortgage trades reported in the last 6 months,number
Average number of revolving trades,Average number of revolving trades,number
"VantageScore is part of Experian Premier Summarized Credit Statistics (PSCS) and calculated by aggregating the available consumer credit data in a ZIP+4. VantageScore is a a predictive and consistent scoring model, Used across the three Credit Reporting Companies. Predicts the likelihood of future serious delinquencies (90 days late or greater) on any type of account. Values (Implied Decimal): 999v99. Score range of 300-850 (higher scores = lower likelihood of risk). 781850 Super prime 661780. Prime 601660 Nonprime 500600 Subprime 300499 Deep subprime",Overall Financial Health Score,Score range of 300-850 (higher scores = lower likelihood of risk). 781850 Super prime 661780. Prime 601660 Nonprime 500600 Subprime 300499 Deep subprime
"High vs. Low Affluence Score is a CAPE factor variable. Five digit whole number,"" no decimals. Valid values: 00001-99999. For this factor, a higher score would point to more affluent neighborhoods. A low score would designate less affluent areas.The following variables were used to create this factor. All have positive loadings except % High School Grad.CAPE: Education: Pop25+: % Bachelor DegreeCAPE: HH: % Household Income $150-199KCAPE: HH: Median Income Householder Age 45-54CAPE: HH: Median Non-Family Household IncomeCAPE: HH: Med Inc Householder Age 35-44CAPE: Industry: Employed: % Professional, Science, and Technical ServicesCAPE: HH: % Household Income $125-149KCAPE: HH: Median Income Householder Age 25-34CAPE: Home Value: OO HU: % Home Value $750-999KCAPE: Rent: % Cash Rent $2,000 or MoreCAPE: Occupation: Employed: % ManagementCAPE: Home Value: OO HU: % Home Value $1M or MoreCAPE: Occupation: Employed: % LegalCAPE: Education: Pop25+: % High School Grad",Affluence Score,"Valid values: 00001-99999. For this factor, a higher score would point to more affluent neighborhoods. A low score would designate less affluent areas."